Bush,Abbot
Reed,Abe
Stock,Abraham
Hawk,Acheson
Bird,Adam
Cotton,Adams
Fox,Addison
Bull,Adela
Back,Adolph
Hand,Agnes
Brain,Albert
Wood,Alcott
Short,Aled
Hard,Alfred
Sharp,Alice
Brown,Alick
Green,Alsop
Well,Aly
Field,Amelia
Hard,Anderson
Young,Andrew
Short,Ann
White,Anna
Lake,Anne
Brook,Anthony
Kent,Antonia
Mill,Arnold
Hall,Arthur
Cook,Attlee
Carl,Augustus
Cary,Austen
Chris,Austin
David,Babbitt
Denny,Bach
Gino,Bacon
Glen,Baldwin
Hugo,Barnard
Hunk,Barney
Henry,Barrett
Lee,Barrie
Leo,Bart
Loren,Bartholomew
Lori,Bartlett
Lorin,Barton
Luke,Bauer
Lance,Beard
Kevin,Beaufort
Mars,Becher
Mark,Beck
Marks,Becky
Neil,Beerbohm
Mike,Bell
Neil,Bellamy
Van,Belle
Tyler,Belloc
Terry,Ben
Spike,Benedict
Spark,Benjamin
Bill,Bennett
Brant,Benson
Brent,Bentham
Bruce,Berkeley
Andy,Bernal
Ben,Bernard
Bob,Bert
Adam,Bertha
Alva,Bertie
Alex,Bertram
Alan,Bess
Andy,Bessemer
Bush,Ken
Reed,Aaron
Stock,Abbott
Hawk,Abel
Bird,Abner
Cotton,Abraham
Fox,Adair
Bull,Adam
Back,Addison
Hand,Adolph
Brain,Adonis
Wood,Adrian
Short,Ahern
Hard,Alan
Sharp,Albert
Brown,Aldrich
Green,Alexander
Well,Alfred
Field,Alger
Hard,Algernon
Young,Allen
Short,Alston
White,Alva
Lake,Alvin
Brook,Alvis
Kent,Amos
Mill,Andre
Hall,Andrew
Cook,Andy
Carl,Angelo
Cary,Augus
Chris,Ansel
David,Antony
Denny,Antoine
Gino,Antonio
Glen,Archer
Hugo,Archibald
Hunk,Aries
Henry,Arlen
Lee,Armand
Leo,Armstrong
Loren,Arno
Lori,Arnold
Lorin,Arthur
Luke,Arvin
Lance,Asa
Kevin,Ashbur
Mars,Atwood
Mark,Aubrey
Marks,August
Neil,Augustine
Mike,Avery
Neil,Baird
Van,Baldwin
Tyler,Bancroft
Terry,Bard
Spike,Barlow
Spark,Barnett
Bill,Baron
Brant,Barret
Brent,Barry
Bruce,Bartholomew
Andy,Bart
Ben,Barton
Bob,Bartley
Adam,Basil
Alva,Beacher
Alex,Beau
Alan,Beck
Andy,Ben
Bush,Benedict
Reed,Benjamin
Stock,Bennett
Hawk,Benson
Bird,Berg
Cotton,Berger
Fox,Bernard
Bull,Bernie
Back,Bert
Hand,Berton
Brain,Bertram
Wood,Bevis
Short,Bill
Hard,Bing
Sharp,Bishop
Brown,Blair
Green,Blake
Well,Blithe
Field,Bob
Hard,Booth
Young,Borg
Short,Boris
White,Bowen
Lake,Boyce
Brook,Boyd
Kent,Bradley
Mill,Brady
Hall,Brandon
Cook,Brian
Carl,Broderick
Cary,Brook
Chris,Bruce
David,Bruno
Denny,Buck
Gino,Burgess
Glen,Burke
Hugo,Burnell
Hunk,Burton
Henry,Byron
Lee,Caesar
Leo,Calvin
Loren,Carey
Lori,Carl
Lorin,Carr
Luke,Carter
Lance,Cash
Kevin,Cecil
Mars,Cedric
Mark,Chad
Marks,Channing
Neil,Chapman
Mike,Charles
Neil,Chasel
Van,Chester
Tyler,Christ
Terry,Christian
Spike,Christopher
Spark,Clare
Bill,Clarence
Brant,Clark
Brent,Claude
Bruce,Clement
Andy,Cleveland
Ben,Cliff
Bob,Clifford
Adam,Clyde
Alva,Colbert
Alex,Colby
Alan,Colin
Andy,Conrad
Bush,Corey
Reed,Cornelius
Stock,Cornell
Hawk,Craig
Bird,Curitis
Cotton,Cyril
Fox,Dana
Bull,Daniel
Back,Darcy
Hand,Darnell
Brain,Darren
Wood,Dave
Short,David
Hard,Dean
Sharp,Dempsey
Brown,Dennis
Green,Derrick
Well,Devin
Field,Dick
Hard,Dominic
Young,Don
Short,Donahue
White,Donald
Lake,Douglas
Brook,Drew
Kent,Duke
Mill,Duncan
Hall,Dunn
Cook,Dwight
Carl,Dylan
Cary,Earl
Chris,Ed
David,Eden
Denny,Edgar
Gino,Edmund
Glen,Edison
Hugo,Edward
Hunk,Edwiin
Henry,Egbert
Lee,Eli
Leo,Elijah
Loren,Elliot
Lori,Ellis
Lorin,Elmer
Luke,Elroy
Lance,Elton
Kevin,Elvis
Mars,Emmanuel
Mark,Enoch
Marks,Eric
Neil,Ernest
Mike,Eugene
Neil,Evan
Van,Everley
Tyler,Fabian
Terry,Felix
Spike,Ferdinand
Spark,Fitch
Bill,Fitzgerald
Brant,Ford
Brent,Francis
Bruce,Frank
Andy,Franklin
Ben,Frederic
Bob,Gabriel
Adam,Gale
Alva,Gary
Alex,Gavin
Alan,Gene
Andy,Geoffrey
Bush,Geoff
Reed,George
Stock,Gerald
Hawk,Gilbert
Bird,Giles
Cotton,Glenn
Fox,Goddard
Bull,Godfery
Back,Gordon
Hand,Greg
Brain,Gregary
Wood,Griffith
Short,Grover
Hard,Gustave
Sharp,Guy
Brown,Hale
Green,Haley
Well,Hamiltion
Field,Hardy
Hard,Harlan
Young,Harley
Short,Harold
White,Harriet
Lake,Harry
Brook,Harvey
Kent,Hayden
Mill,Heather
Hall,Henry
Cook,Herbert
Carl,Herman
Cary,Hilary
Chris,Hiram
David,Hobart
Denny,Hogan
Gino,Horace
Glen,Howar
Hugo,Hubery
Hunk,Hugh
Henry,Hugo
Lee,Humphrey
Leo,Hunter
Loren,Hyman
Lori,Ian
Lorin,Ingemar
Luke,Ingram
Lance,Ira
Kevin,Isaac
Mars,Isidore
Mark,Ivan
Marks,Ives
Neil,Jack
Mike,Jacob
Neil,James
Van,Jared
Tyler,Jason
Terry,Jay
Spike,Jeff
Spark,Jeffrey
Bill,Jeremy
Brant,Jerome
Brent,Jerry
Bruce,Jesse
Andy,Jim
Ben,Jo
Bob,John
Adam,Jonas
Alva,Jonathan
Alex,Joseph
Alan,Joshua
Andy,Joyce
Bush,Julian
Reed,Julius
Stock,Justin
Hawk,Keith
Bird,Kelly
Cotton,Ken
Fox,Kennedy
Bull,Kenneth
Back,Kent
Hand,Kerr
Brain,Kerwin
Wood,Kevin
Short,Kim
Hard,King
Sharp,Kirk
Brown,Kyle
Green,Lambert
Well,Lance
Field,Larry
Hard,Lawrence
Young,Leif
Short,Len
White,Lennon
Lake,Leo
Brook,Leonard
Kent,Leopold
Mill,Les
Hall,Lester
Cook,Levi
Carl,Lewis
Cary,Lionel
Chris,Lou
David,Louis
Denny,Lucien
Gino,Luther
Glen,Lyle
Hugo,Lyndon
Hunk,Lynn
Henry,Magee
Lee,Malcolm
Leo,Mandel
Loren,Marcus
Lori,Marico
Lorin,Mark
Luke,Marlon
Lance,Marsh
Kevin,Marshall
Mars,Martin
Mark,Marvin
Marks,Matt
Neil,Matthew
Mike,Maurice
Neil,Max
Van,Maximilian
Tyler,Maxwell
Terry,Meredith
Spike,Merle
Spark,Merlin
Bill,Michael
Brant,Michell
Brent,Mick
Bruce,Mike
Andy,Miles
Ben,Milo
Bob,Monroe
Adam,Montague
Alva,Moore
Alex,Morgan
Alan,Mortimer
Andy,Morton
Bush,Moses
Reed,Murphy
Stock,Murray
Hawk,Myron
Bird,Nat
Cotton,Nathan
Fox,Nathaniel
Bull,Neil
Back,Nelson
Hand,Newman
Brain,Nicholas
Wood,Nick
Short,Nigel
Hard,Noah
Sharp,Noel
Brown,Norman
Green,Norton
Well,Ogden
Field,Oliver
Hard,Omar
Young,Orville
Short,Osborn
White,Oscar
Lake,Osmond
Brook,Oswald
Kent,Otis
Mill,Otto
Hall,Owen
Cook,Page
Carl,Parker
Cary,Paddy
Chris,Patrick
David,Paul
Denny,Payne
Gino,Perry
Glen,Pete
Hugo,Peter
Hunk,Phil
Henry,Philip
Lee,Porter
Leo,Prescott
Loren,Primo
Lori,Quentin
Lorin,Quennel
Luke,Quincy
Lance,Quinn
Kevin,Quintion
Mars,Rachel
Mark,Ralap
Marks,Randolph
Neil,Raymond
Mike,Reg
Neil,Regan
Van,Reginald
Tyler,Reuben
Terry,Rex
Spike,Richard
Spark,Robert
Bill,Robin
Brant,Rock
Brent,Rod
Bruce,Roderick
Andy,Rodney
Ben,Ron
Bob,Ronald
Adam,Rory
Alva,Roy
Alex,Rudolf
Alan,Rupert
Andy,Ryan
Bush,Sam
Reed,Sampson
Stock,Samuel
Hawk,Sandy
Bird,Saxon
Cotton,Scott
Fox,Sean
Bull,Sebastian
Back,Sid
Hand,Sidney
Brain,Silvester
Wood,Simon
Short,Solomon
Hard,Spencer
Sharp,Stan
Brown,Stanford
Green,Stanley
Well,Steven
Field,Stev
Hard,Steward
Young,Tab
Short,Taylor
White,Ted
Lake,Ternence
Brook,Theobald
Kent,Theodore
Mill,Thomas
Hall,Tiffany
Cook,Tim
Carl,Timothy
Cary,Tobias
Chris,Toby
David,Todd
Denny,Tom
Gino,Tony
Glen,Tracy
Hugo,Troy
Hunk,Truman
Henry,Tyler
Lee,Tyrone
Leo,Ulysses
Loren,Upton
Lori,Uriah
Lorin,Valentine
Luke,Valentine
Lance,Verne
Kevin,Vic
Mars,Victor
Mark,Vincent
Marks,Virgil
Neil,Vito
Mike,Vivian
Neil,Wade
Van,Walker
Tyler,Walter
Terry,Ward
Spike,Warner
Spark,Wayne
Bill,Webb
Brant,Webster
Brent,Wendell
Bruce,Werner
Andy,Wilbur
Ben,Will
Bob,William
Adam,Willie
Alva,Winfred
Alex,Winston
Alan,Woodrow
Andy,Wordsworth
Bush,Wright
Reed,Wythe
Stock,Xavier
Hawk,Yale
Bird,Yehudi
Cotton,York
Fox,Yves
Bull,Zachary
Back,Zebulon
Hand,Ziv
